survey,galaxy,Rad,Vobs,errV,Vgas,Vdisk,Vbul
SPARC,DEMO_A,0.5,40,5,20,35,0
SPARC,DEMO_A,1.0,60,5,30,50,0
SPARC,DEMO_A,1.5,75,6,35,60,0
SPARC,DEMO_A,2.5,90,6,40,70,0
SPARC,DEMO_A,4.0,100,7,42,72,0
SPARC,DEMO_A,6.0,105,8,40,70,0
SPARC,DEMO_A,8.0,108,8,38,68,0
SPARC,DEMO_A,10.0,110,9,35,65,0
SPARC,DEMO_B,0.4,50,6,15,40,25
SPARC,DEMO_B,0.8,80,6,25,55,40
SPARC,DEMO_B,1.2,100,7,30,65,45
SPARC,DEMO_B,2.0,120,7,35,75,48
SPARC,DEMO_B,3.5,135,8,40,80,45
SPARC,DEMO_B,5.5,145,8,38,78,40
SPARC,DEMO_B,8.0,150,9,35,75,35
SPARC,DEMO_B,12.0,152,10,30,70,30
SPARC,DEMO_C,0.3,30,4,25,20,0
SPARC,DEMO_C,0.7,45,4,35,30,0
SPARC,DEMO_C,1.2,55,5,40,40,0
SPARC,DEMO_C,2.0,65,5,42,48,0
SPARC,DEMO_C,3.5,72,6,40,50,0
SPARC,DEMO_C,5.0,76,6,38,48,0
SPARC,DEMO_C,7.5,78,7,35,45,0
SPARC,DEMO_C,11.0,80,8,30,42,0
SPARC,DEMO_D,0.6,70,7,10,50,40
SPARC,DEMO_D,1.0,95,7,18,70,55
SPARC,DEMO_D,1.8,120,8,25,85,60
SPARC,DEMO_D,3.0,140,8,30,95,55
SPARC,DEMO_D,5.0,155,9,32,100,50
SPARC,DEMO_D,7.0,160,9,30,98,45
SPARC,DEMO_D,10.0,162,10,28,95,40
SPARC,DEMO_D,14.0,163,11,25,90,35
